{"reset_type":"random","filter":{"0":0.0367945171892643,"1":0.43004563450813293,"2":-0.736802339553833,"3":0.405608206987381,"4":-0.3213873505592346,"5":-0.3188324570655823,"6":-0.45777052640914917,"7":0.4155866205692291,"8":0.4782331585884094},"activation":"float tanh(float x) {\n  return (exp(2.*x)-1.)/(exp(2.*x)+1.);\n}\n\nfloat activation(float x) {\n  return tanh(x);\n}","color":"random","persistent":false}