{"reset_type":"center","filter":{"0":0.5944281220436096,"1":-0.19963906705379486,"2":0.5944281220436096,"3":-0.857992947101593,"4":-0.4273228943347931,"5":-0.857992947101593,"6":0.5944281220436096,"7":-0.19963906705379486,"8":0.5944281220436096},"activation":"\n\t\tfloat activation(float x) {\n\t\t\treturn abs(0.8*x);\n\t\t}\n\t\t","color":[0.792156862745098,0.25882352941176473,1],"persistent":false}