{"reset_type":"random","filter":{"0":0.5645999908447266,"1":-0.7159000039100647,"2":0.5645999908447266,"3":-0.7585999965667725,"4":0.6269000172615051,"5":-0.7585999965667725,"6":0.5645999908447266,"7":-0.7159000039100647,"8":0.5645999908447266},"activation":"\n\t\tfloat activation(float x) {\n\t\t\treturn abs(x);\n\t\t}\n\t\t","color":[1,0.9372549019607843,0.5411764705882353],"persistent":false}