{"reset_type":"random","filter":{"0":0.5645999908447266,"1":-0.7159000039100647,"2":0.5645999908447266,"3":-0.7585999965667725,"4":0.6269000172615051,"5":-0.7585999965667725,"6":0.5645999908447266,"7":-0.7159000039100647,"8":0.5645999908447266},"activation":"float activation(float x) {\n  return abs(x);\n}\t","color":[1,0.9725490196078431,0.7803921568627451],"persistent":false}