{"reset_type":"random","filter":{"0":0.2115122377872467,"1":-0.866102397441864,"2":0.2115122377872467,"3":0.2690642178058624,"4":0.7135958671569824,"5":0.2690642178058624,"6":0.2115122377872467,"7":-0.866102397441864,"8":0.2115122377872467},"activation":"\n\t\tfloat activation(float x) {\n\t\t\treturn abs(0.99*x);\n\t\t}\n\t\t","color":[1,0,0],"persistent":false}