{"reset_type":"random","filter":{"0":0.5645999908447266,"1":-0.7159000039100647,"2":0.5645999908447266,"3":-0.7159000039100647,"4":0.6269000172615051,"5":-0.7159000039100647,"6":0.5645999908447266,"7":-0.7159000039100647,"8":0.5645999908447266},"activation":"\n\t\tfloat activation(float x) {\n\t\t\treturn abs(1.2*x);\n\t\t}\n\t\t","color":[0,0.6666666666666666,1],"persistent":false}